{"cameraMode":{"drawMode":0,"name":"Shaded","section":"Shading Mode"},"sceneLighting":true,"audioPlay":false,"sceneViewState":{"showFog":true,"showMaterialUpdate":false,"showSkybox":true,"showFlares":true,"showImageEffects":true,"showParticleSystems":true},"in2DMode":false,"pivot":{"x":0.585693359375,"y":1.01849365234375,"z":0.0390625},"rotation":{"x":0.016493888571858407,"y":0.025493789464235307,"z":-0.0004206857120152563,"w":0.9995388388633728},"size":14.562705039978028,"orthographic":true}